School Name,City,State,Region,Starting Median Salary,Mid-Career Median Salary,Mid-Career 10th Percentile Salary,Mid-Career 25th Percentile Salary,Mid-Career 75th Percentile Salary,Mid-Career 90th Percentile Salary
Stanford University,Stanford,CA,California,"$70,400.00 ","$129,000.00 ","$68,400.00 ","$93,100.00 ","$184,000.00 ","$257,000.00 "
California Institute of Technology (CIT),Pasadena,CA,California,"$75,500.00 ","$123,000.00 ",N/A,"$104,000.00 ","$161,000.00 ",N/A
Harvey Mudd College,Claremont,CA,California,"$71,800.00 ","$122,000.00 ",N/A,"$96,000.00 ","$180,000.00 ",N/A
"University of California, Berkeley",Berkeley,CA,California,"$59,900.00 ","$112,000.00 ","$59,500.00 ","$81,000.00 ","$149,000.00 ","$201,000.00 "
Occidental College,Los Angeles,CA,California,"$51,900.00 ","$105,000.00 ",N/A,"$54,800.00 ","$157,000.00 ",N/A
Cal Poly San Luis Obispo,San Lios Obispo,CA,California,"$57,200.00 ","$101,000.00 ","$55,000.00 ","$74,700.00 ","$133,000.00 ","$178,000.00 "
University of California at Los Angeles (UCLA),Los Angeles,CA,California,"$52,600.00 ","$101,000.00 ","$51,300.00 ","$72,500.00 ","$139,000.00 ","$193,000.00 "
"University of California, San Diego (UCSD)",San Diego,CA,California,"$51,100.00 ","$101,000.00 ","$51,700.00 ","$75,400.00 ","$131,000.00 ","$177,000.00 "
Pomona College,Claremont,CA,California,"$48,600.00 ","$101,000.00 ",N/A,"$63,300.00 ","$161,000.00 ",N/A
University of Southern California (USC),Los Angeles,CA,California,"$54,800.00 ","$99,600.00 ","$49,700.00 ","$73,800.00 ","$140,000.00 ","$201,000.00 "
"University of California, Davis",Davis,CA,California,"$52,300.00 ","$99,600.00 ","$52,000.00 ","$71,600.00 ","$135,000.00 ","$202,000.00 "
"University of California, Irvine (UCI)",Irbine,CA,California,"$48,300.00 ","$96,700.00 ","$47,800.00 ","$66,000.00 ","$123,000.00 ","$172,000.00 "
San Jose State University (SJSU),San Jose,CA,California,"$53,500.00 ","$95,600.00 ","$50,700.00 ","$70,500.00 ","$122,000.00 ","$156,000.00 "
"University of California, Santa Barbara (UCSB)",Santa Barbara,CA,California,"$50,500.00 ","$95,000.00 ","$51,300.00 ","$71,200.00 ","$129,000.00 ","$173,000.00 "
"California State University (CSU), Chico",Chico,CA,California,"$47,400.00 ","$88,100.00 ","$46,800.00 ","$62,800.00 ","$122,000.00 ","$154,000.00 "
"California State University, Fullerton (CSUF)",Fullerton,CA,California,"$45,700.00 ","$87,000.00 ","$45,400.00 ","$62,500.00 ","$119,000.00 ","$158,000.00 "
San Francisco State University (SFSU),San Francisco,CA,California,"$47,300.00 ","$86,400.00 ","$45,100.00 ","$62,700.00 ","$114,000.00 ","$150,000.00 "
San Diego State University (SDSU),San Diego,CA,California,"$46,200.00 ","$85,200.00 ","$45,500.00 ","$61,800.00 ","$116,000.00 ","$158,000.00 "
"California State University, Long Beach (CSULB)",Long Beach,CA,California,"$45,100.00 ","$84,700.00 ","$47,400.00 ","$62,500.00 ","$113,000.00 ","$154,000.00 "
"California State University, East Bay (CSUEB)",East Bay,CA,California,"$49,200.00 ","$84,300.00 ","$46,000.00 ","$62,400.00 ","$115,000.00 ","$155,000.00 "
"University of California, Santa Cruz (UCSC)",Santa Cruz,CA,California,"$44,700.00 ","$84,100.00 ","$46,100.00 ","$62,000.00 ","$121,000.00 ","$165,000.00 "
"California State University, Sacramento (CSUS)",Sacramento,CA,California,"$47,800.00 ","$82,400.00 ","$42,900.00 ","$59,600.00 ","$111,000.00 ","$154,000.00 "
"University of California, Riverside (UCR)",Riverside,CA,California,"$46,800.00 ","$81,300.00 ","$37,200.00 ","$59,900.00 ","$109,000.00 ","$134,000.00 "
"California State University, Northridge (CSUN)",Northridge,CA,California,"$45,500.00 ","$80,400.00 ","$44,500.00 ","$57,800.00 ","$108,000.00 ","$153,000.00 "
"California State University, Dominguez Hills (CSUDH)",Dominguez Hills,CA,California,"$42,700.00 ","$72,100.00 ","$30,800.00 ","$47,000.00 ","$92,200.00 ","$132,000.00 "
"California State University (CSU), Stanislaus",Stanislaus,CA,California,"$38,000.00 ","$71,400.00 ",N/A,"$50,500.00 ","$94,100.00 ",N/A
Humboldt State University,Arcata,CA,California,"$42,600.00 ","$71,300.00 ","$36,000.00 ","$56,300.00 ","$94,400.00 ","$117,000.00 "
Thomas Aquinas College,Santa Paula,CA,California,"$41,500.00 ","$67,500.00 ",N/A,"$44,600.00 ","$93,100.00 ",N/A
Colorado School of Mines,Golden,CO,Western,"$58,100.00 ","$106,000.00 ","$62,200.00 ","$87,900.00 ","$142,000.00 ","$201,000.00 "
University of Colorado - Boulder (UCB),Boulder,CO,Western,"$47,100.00 ","$97,600.00 ","$51,600.00 ","$69,000.00 ","$128,000.00 ","$187,000.00 "
New Mexico Institute of Mining and Technology (New Mexico Tech),Socorro,NM,Western,"$51,000.00 ","$93,400.00 ",N/A,"$67,400.00 ","$123,000.00 ",N/A
Brigham Young University (BYU),Provo,UT,Western,"$49,400.00 ","$88,600.00 ","$50,600.00 ","$68,500.00 ","$119,000.00 ","$164,000.00 "
University of Arizona,Tucson,AZ,Western,"$47,500.00 ","$86,100.00 ","$44,800.00 ","$61,700.00 ","$117,000.00 ","$160,000.00 "
University of Washington (UW),Seattle,WA,Western,"$48,800.00 ","$85,300.00 ","$47,000.00 ","$59,800.00 ","$115,000.00 ","$149,000.00 "
Washington State University (WSU),Pullman,WA,Western,"$45,300.00 ","$84,700.00 ","$43,600.00 ","$59,000.00 ","$113,000.00 ","$162,000.00 "
University of Colorado - Denver,Denver,CO,Western,"$46,100.00 ","$84,400.00 ","$46,400.00 ","$58,600.00 ","$105,000.00 ","$144,000.00 "
Arizona State University (ASU),Tempe,AZ,Western,"$47,400.00 ","$84,100.00 ","$44,600.00 ","$60,700.00 ","$114,000.00 ","$163,000.00 "
Oregon State University (OSU),Corvallis,OR,Western,"$45,100.00 ","$83,300.00 ","$46,900.00 ","$64,000.00 ","$113,000.00 ","$146,000.00 "
University of Utah,Salt Lake City,UT,Western,"$45,400.00 ","$83,200.00 ","$43,000.00 ","$58,400.00 ","$116,000.00 ","$148,000.00 "
"University of Nevada, Reno (UNR)",Reno,NV,Western,"$46,500.00 ","$82,900.00 ","$41,900.00 ","$54,600.00 ","$113,000.00 ","$143,000.00 "
Seattle University,Seattle,WA,Western,"$48,300.00 ","$82,800.00 ","$50,600.00 ","$62,400.00 ","$110,000.00 ","$150,000.00 "
University of Idaho,Moscow,ID,Western,"$44,900.00 ","$82,000.00 ","$43,000.00 ","$56,700.00 ","$104,000.00 ","$142,000.00 "
University of New Mexico (UNM),Albuquerque,NM,Western,"$41,600.00 ","$81,600.00 ","$41,800.00 ","$59,100.00 ","$105,000.00 ","$141,000.00 "
University of Puget Sound,Tacoma,WA,Western,"$46,600.00 ","$81,500.00 ","$48,900.00 ","$60,100.00 ","$104,000.00 ","$137,000.00 "
Colorado College (CC),Colorado Springs,CO,Western,"$38,500.00 ","$81,400.00 ",N/A,"$43,000.00 ","$148,000.00 ",N/A
Reed College,Portland,OR,Western,"$40,500.00 ","$81,100.00 ",N/A,"$67,400.00 ","$101,000.00 ",N/A
Whitman College,Walla Walla,WA,Western,"$43,500.00 ","$80,100.00 ",N/A,"$64,800.00 ","$111,000.00 ",N/A
New Mexico State University,Las Cruces,NM,Western,"$44,300.00 ","$79,500.00 ","$37,400.00 ","$53,800.00 ","$102,000.00 ","$131,000.00 "
Colorado State University (CSU),Fort Collins,CO,Western,"$44,800.00 ","$79,000.00 ","$43,800.00 ","$57,100.00 ","$112,000.00 ","$150,000.00 "
University of Wyoming (UW),Laramie,WY,Western,"$44,500.00 ","$78,700.00 ","$41,500.00 ","$54,000.00 ","$105,000.00 ","$145,000.00 "
Utah State University,Logan,UT,Western,"$43,800.00 ","$78,700.00 ","$41,600.00 ","$55,400.00 ","$101,000.00 ","$132,000.00 "
University of Oregon,Eugene,OR,Western,"$42,200.00 ","$78,400.00 ","$38,100.00 ","$56,200.00 ","$117,000.00 ","$186,000.00 "
Montana State University - Bozeman,Bozeman,MT,Western,"$46,600.00 ","$77,500.00 ","$40,200.00 ","$58,100.00 ","$111,000.00 ","$151,000.00 "
Gonzaga University,Spokane,WA,Western,"$44,900.00 ","$76,000.00 ","$47,000.00 ","$57,400.00 ","$103,000.00 ","$138,000.00 "
University of Hawaii,Honolulu,HI,Western,"$43,800.00 ","$76,000.00 ","$40,400.00 ","$56,300.00 ","$104,000.00 ","$128,000.00 "
Western Washington University,Bellingham,WA,Western,"$42,700.00 ","$75,400.00 ","$41,300.00 ","$56,700.00 ","$99,200.00 ","$119,000.00 "
Regis University,Denver,CO,Western,"$48,300.00 ","$73,800.00 ","$41,000.00 ","$55,500.00 ","$94,800.00 ","$117,000.00 "
Idaho State University,Pocatello,ID,Western,"$44,900.00 ","$73,400.00 ","$35,400.00 ","$49,600.00 ","$101,000.00 ","$143,000.00 "
"University of Alaska, Anchorage",Anchorage,AK,Western,"$45,900.00 ","$72,600.00 ","$39,800.00 ","$56,600.00 ","$99,300.00 ","$137,000.00 "
Lewis & Clark College,Portland,OR,Western,"$38,900.00 ","$72,600.00 ","$38,200.00 ","$53,400.00 ","$104,000.00 ","$140,000.00 "
University of Montana,Missoula,MT,Western,"$37,300.00 ","$71,900.00 ","$37,000.00 ","$51,500.00 ","$96,400.00 ","$138,000.00 "
"University of Nevada, Las Vegas (UNLV)",Las Vegas,NV,Western,"$45,200.00 ","$71,600.00 ","$39,000.00 ","$52,400.00 ","$100,000.00 ","$128,000.00 "
Portland State University (PSU),Portland,OR,Western,"$42,600.00 ","$70,900.00 ","$40,700.00 ","$52,300.00 ","$94,400.00 ","$123,000.00 "
Eastern Washington University,Cheney,WA,Western,"$38,600.00 ","$70,900.00 ","$36,000.00 ","$50,500.00 ","$93,100.00 ","$117,000.00 "
Fort Lewis College,Durango,CO,Western,"$42,000.00 ","$69,800.00 ",N/A,"$55,000.00 ","$94,000.00 ",N/A
Boise State University (BSU),Boise,ID,Western,"$40,800.00 ","$69,500.00 ","$37,400.00 ","$48,700.00 ","$87,500.00 ","$110,000.00 "
Utah Valley State College,Orem,UT,Western,"$42,400.00 ","$67,100.00 ",N/A,"$44,100.00 ","$84,900.00 ",N/A
Evergreen State College,Olympia,WA,Western,"$39,500.00 ","$63,900.00 ","$38,800.00 ","$47,200.00 ","$91,600.00 ","$120,000.00 "
Southern Utah University,Cedar City,UT,Western,"$41,900.00 ","$56,500.00 ",N/A,"$39,700.00 ","$78,400.00 ",N/A
Montana State University - Billings,Billings,MT,Western,"$37,900.00 ","$50,600.00 ",N/A,"$31,800.00 ","$78,500.00 ",N/A
University of Notre Dame,Notre Dame,IN,Midwestern,"$56,300.00 ","$116,000.00 ","$66,400.00 ","$85,100.00 ","$163,000.00 ","$235,000.00 "
University Of Chicago,Chicago,IL,Midwestern,"$53,400.00 ","$113,000.00 ","$62,200.00 ","$83,300.00 ","$174,000.00 ","$255,000.00 "
Carleton College,Northfield,MN,Midwestern,"$47,500.00 ","$103,000.00 ",N/A,"$69,400.00 ","$141,000.00 ",N/A
Illinois Institute of Technology (IIT),Chicago,IL,Midwestern,"$56,000.00 ","$97,800.00 ","$56,100.00 ","$77,400.00 ","$121,000.00 ","$165,000.00 "
Case Western Reserve University,Cleveland,OH,Midwestern,"$56,200.00 ","$96,500.00 ","$54,900.00 ","$76,500.00 ","$123,000.00 ","$168,000.00 "
University of Illinois at Urbana-Champaign (UIUC),Champaign,IL,Midwestern,"$52,900.00 ","$96,100.00 ","$48,200.00 ","$68,900.00 ","$132,000.00 ","$177,000.00 "
Northwestern University,Evanston,IL,Midwestern,"$52,700.00 ","$95,900.00 ","$51,900.00 ","$69,100.00 ","$144,000.00 ","$205,000.00 "
University of Missouri - Rolla (UMR),Rolla,MO,Midwestern,"$57,100.00 ","$95,800.00 ","$67,600.00 ","$80,400.00 ","$122,000.00 ","$166,000.00 "
South Dakota School of Mines & Technology,Rapid City,SD,Midwestern,"$55,800.00 ","$93,400.00 ","$71,500.00 ","$81,900.00 ","$122,000.00 ","$147,000.00 "
University of Michigan,Ann Arbor,MI,Midwestern,"$52,700.00 ","$93,000.00 ","$50,900.00 ","$69,400.00 ","$128,000.00 ","$182,000.00 "
Purdue University,West Lafayette,IN,Midwestern,"$51,400.00 ","$90,500.00 ","$49,900.00 ","$67,400.00 ","$121,000.00 ","$168,000.00 "
Marquette University,Milwaukee,WI,Midwestern,"$48,500.00 ","$88,400.00 ","$49,500.00 ","$67,400.00 ","$121,000.00 ","$184,000.00 "
DePauw University,Greencastle,IN,Midwestern,"$41,400.00 ","$88,200.00 ","$49,500.00 ","$57,400.00 ","$133,000.00 ","$185,000.00 "
University of Wisconsin (UW) - Madison,Madison,WI,Midwestern,"$48,900.00 ","$87,800.00 ","$47,400.00 ","$62,400.00 ","$118,000.00 ","$170,000.00 "
Bradley University,Peoria,IL,Midwestern,"$47,000.00 ","$87,300.00 ","$45,900.00 ","$64,900.00 ","$113,000.00 ","$151,000.00 "
St. Olaf College,Minneapolis,MN,Midwestern,"$45,300.00 ","$86,200.00 ","$41,300.00 ","$61,000.00 ","$120,000.00 ","$185,000.00 "
Michigan State University (MSU),East Lansing,MI,Midwestern,"$46,300.00 ","$85,300.00 ","$44,200.00 ","$61,500.00 ","$119,000.00 ","$170,000.00 "
DePaul University,Chicago,IL,Midwestern,"$46,400.00 ","$84,800.00 ","$50,300.00 ","$63,900.00 ","$115,000.00 ","$160,000.00 "
Iowa State University,Ames,IA,Midwestern,"$45,400.00 ","$84,600.00 ","$44,400.00 ","$60,000.00 ","$109,000.00 ","$147,000.00 "
University of Minnesota,Minnesota,MN,Midwestern,"$46,200.00 ","$84,200.00 ","$49,000.00 ","$63,200.00 ","$112,000.00 ","$148,000.00 "
"Indiana University (IU), Bloomington",Bloomington,IN,Midwestern,"$46,300.00 ","$84,000.00 ","$43,600.00 ","$60,400.00 ","$119,000.00 ","$178,000.00 "
University of Iowa (UI),Iowa City,IA,Midwestern,"$44,700.00 ","$83,900.00 ","$43,300.00 ","$61,100.00 ","$116,000.00 ","$163,000.00 "
Ohio State University (OSU),Columbus,OH,Midwestern,"$44,900.00 ","$83,700.00 ","$45,500.00 ","$60,700.00 ","$116,000.00 ","$162,000.00 "
Denison University,Granville,OH,Midwestern,"$42,000.00 ","$83,500.00 ",N/A,"$62,100.00 ","$122,000.00 ",N/A
University of Illinois at Chicago,Chicago,IL,Midwestern,"$47,500.00 ","$81,700.00 ","$44,700.00 ","$58,800.00 ","$110,000.00 ","$146,000.00 "
Oberlin College,Oberlin,OH,Midwestern,"$43,400.00 ","$81,600.00 ",N/A,"$46,400.00 ","$128,000.00 ",N/A
University of Kansas,Lawrence,KS,Midwestern,"$42,400.00 ","$81,600.00 ","$44,800.00 ","$57,200.00 ","$115,000.00 ","$156,000.00 "
University of Missouri - Columbia,Columbia,MO,Midwestern,"$41,700.00 ","$81,000.00 ","$43,500.00 ","$57,100.00 ","$111,000.00 ","$156,000.00 "
University of Nebraska,Lincoln,NE,Midwestern,"$45,700.00 ","$80,900.00 ","$42,200.00 ","$56,600.00 ","$113,000.00 ","$156,000.00 "
Northern Illinois University (NIU),Dekalb,IL,Midwestern,"$43,600.00 ","$80,800.00 ","$43,900.00 ","$60,200.00 ","$111,000.00 ","$161,000.00 "
Gustavus Adolphus College,Saint Peter,MN,Midwestern,"$44,500.00 ","$80,600.00 ",N/A,"$49,300.00 ","$101,000.00 ",N/A
University of North Dakota,Grand Forks,ND,Midwestern,"$44,000.00 ","$80,600.00 ","$43,400.00 ","$56,400.00 ","$111,000.00 ","$157,000.00 "
Kansas State University (KSU),Manhattan,KS,Midwestern,"$43,300.00 ","$79,000.00 ","$37,200.00 ","$54,100.00 ","$106,000.00 ","$138,000.00 "
University of Wisconsin (UW) - Platteville,Platteville,WI,Midwestern,"$45,800.00 ","$78,500.00 ","$48,400.00 ","$61,200.00 ","$100,000.00 ","$139,000.00 "
Wittenberg University,Springfield,OH,Midwestern,"$39,200.00 ","$78,200.00 ",N/A,"$54,100.00 ","$131,000.00 ",N/A
North Dakota State University (NDSU),Fargo,ND,Midwestern,"$45,100.00 ","$77,800.00 ","$39,000.00 ","$55,800.00 ","$100,000.00 ","$123,000.00 "
Grinnell College,Grinnell,IA,Midwestern,"$42,600.00 ","$76,600.00 ",N/A,"$65,100.00 ","$116,000.00 ",N/A
Wayne State University,Detroit,MI,Midwestern,"$42,800.00 ","$76,100.00 ","$40,100.00 ","$56,200.00 ","$101,000.00 ","$139,000.00 "
University of Toledo,Toledo,OH,Midwestern,"$43,100.00 ","$75,900.00 ","$40,100.00 ","$54,100.00 ","$100,000.00 ","$133,000.00 "
University of Wisconsin (UW) - Whitewater,Whitewater,WI,Midwestern,"$40,800.00 ","$75,500.00 ","$38,200.00 ","$53,500.00 ","$99,300.00 ","$150,000.00 "
Minnesota State University - Mankato,Mankato,MN,Midwestern,"$43,300.00 ","$74,700.00 ","$39,500.00 ","$53,800.00 ","$95,700.00 ","$140,000.00 "
University of Wisconsin (UW) - Milwaukee,Milwaukee,WI,Midwestern,"$42,300.00 ","$74,600.00 ","$40,600.00 ","$54,000.00 ","$93,700.00 ","$123,000.00 "
Western Michigan University (WMU),Kalamazoo,MI,Midwestern,"$42,300.00 ","$73,800.00 ","$40,100.00 ","$52,500.00 ","$103,000.00 ","$135,000.00 "
South Dakota State University (SDSU),Brookings,SD,Midwestern,"$41,100.00 ","$73,500.00 ","$34,100.00 ","$49,900.00 ","$99,400.00 ","$129,000.00 "
Ohio University,Athens Township,OH,Midwestern,"$42,200.00 ","$73,400.00 ","$36,600.00 ","$52,800.00 ","$106,000.00 ","$150,000.00 "
Illinois State University,Normal,IL,Midwestern,"$42,000.00 ","$73,400.00 ","$39,100.00 ","$55,200.00 ","$105,000.00 ","$142,000.00 "
Cleveland State University,Cleveland,OH,Midwestern,"$43,500.00 ","$73,100.00 ","$39,500.00 ","$51,600.00 ","$97,000.00 ","$137,000.00 "
University of Nebraska at Omaha,Omaha,NE,Midwestern,"$41,500.00 ","$72,600.00 ","$39,500.00 ","$54,400.00 ","$97,400.00 ","$126,000.00 "
Southern Illinois University Carbondale,Carbondale,IL,Midwestern,"$43,000.00 ","$72,500.00 ","$38,300.00 ","$51,300.00 ","$99,300.00 ","$139,000.00 "
Eastern Michigan University,Ypsilanti,MI,Midwestern,"$40,300.00 ","$72,100.00 ","$37,900.00 ","$52,800.00 ","$95,400.00 ","$135,000.00 "
Bowling Green State University,Bowling Green,OH,Midwestern,"$39,800.00 ","$72,100.00 ","$38,200.00 ","$51,800.00 ","$101,000.00 ","$146,000.00 "
St. Cloud State University,St. Cloud,MN,Midwestern,"$41,800.00 ","$71,400.00 ","$38,700.00 ","$49,400.00 ","$101,000.00 ","$126,000.00 "
University of Wisconsin (UW) - Parkside,Parkside,WI,Midwestern,"$40,700.00 ","$71,400.00 ","$40,900.00 ","$53,100.00 ","$84,900.00 ","$119,000.00 "
University of Akron,Akron,OH,Midwestern,"$41,100.00 ","$70,300.00 ","$40,600.00 ","$53,300.00 ","$95,200.00 ","$127,000.00 "
Missouri State University (MSU),Springfield,MO,Midwestern,"$36,100.00 ","$69,500.00 ","$33,300.00 ","$46,900.00 ","$102,000.00 ","$134,000.00 "
University of Wisconsin (UW) - La Crosse,La Crosse,WI,Midwestern,"$42,200.00 ","$69,300.00 ","$37,500.00 ","$47,200.00 ","$93,100.00 ","$133,000.00 "
University of Wisconsin (UW) - Stout,Stout,WI,Midwestern,"$43,600.00 ","$68,300.00 ","$40,900.00 ","$50,600.00 ","$91,600.00 ","$136,000.00 "
Robert Morris College (RMC),Moon,PA,Midwestern,"$38,500.00 ","$68,200.00 ","$37,300.00 ","$47,100.00 ","$95,000.00 ","$128,000.00 "
University of Missouri - St. Louis (UMSL),St. Louis,MO,Midwestern,"$41,400.00 ","$67,100.00 ","$36,800.00 ","$49,600.00 ","$97,600.00 ","$144,000.00 "
University of Wisconsin (UW) - Oshkosh,Oshkosh,WI,Midwestern,"$39,300.00 ","$66,400.00 ","$37,700.00 ","$49,700.00 ","$90,100.00 ","$138,000.00 "
University of Missouri - Kansas City (UMKC),Kansas City,MO,Midwestern,"$38,900.00 ","$65,800.00 ","$36,300.00 ","$48,100.00 ","$95,800.00 ","$124,000.00 "
University of Wisconsin (UW) - Eau Claire,Eau Claire,WI,Midwestern,"$41,400.00 ","$64,800.00 ","$35,000.00 ","$47,300.00 ","$93,100.00 ","$125,000.00 "
Ball State University (BSU),Muncie,IN,Midwestern,"$39,100.00 ","$64,500.00 ","$35,500.00 ","$48,200.00 ","$89,300.00 ","$128,000.00 "
Park University,Parkville,MO,Midwestern,"$44,300.00 ","$64,300.00 ","$37,200.00 ","$45,600.00 ","$86,400.00 ","$113,000.00 "
University of Wisconsin (UW) - Stevens Point,Stevens Point,WI,Midwestern,"$39,800.00 ","$64,000.00 ","$38,400.00 ","$45,100.00 ","$95,400.00 ","$128,000.00 "
Kent State University,Kent,OH,Midwestern,"$38,700.00 ","$62,600.00 ","$36,100.00 ","$45,800.00 ","$87,000.00 ","$124,000.00 "
University of Wisconsin (UW) - Green Bay,Green Bay,WI,Midwestern,"$35,800.00 ","$60,600.00 ","$35,500.00 ","$46,800.00 ","$81,800.00 ","$102,000.00 "
Indiana Wesleyan University (IWU),Mayfield Heights,OH,Midwestern,"$39,800.00 ","$58,500.00 ","$39,600.00 ","$47,800.00 ","$78,600.00 ","$93,400.00 "
Pittsburg State University,Pittsburg,KS,Midwestern,"$40,400.00 ","$58,200.00 ","$25,600.00 ","$46,000.00 ","$84,600.00 ","$117,000.00 "
Davenport University,Grand Rapids,MI,Midwestern,"$39,700.00 ","$46,600.00 ","$31,600.00 ","$38,100.00 ","$65,600.00 ","$85,700.00 "
Black Hills State University,Spearfish,SD,Midwestern,"$35,300.00 ","$43,900.00 ",N/A,"$32,200.00 ","$60,900.00 ",N/A
Rice University,Houston,TX,Southern,"$64,000.00 ","$110,000.00 ","$55,900.00 ","$82,100.00 ","$141,000.00 ","$216,000.00 "
Georgetown University,Washington,DC,Southern,"$55,000.00 ","$110,000.00 ","$60,300.00 ","$85,800.00 ","$174,000.00 ","$248,000.00 "
Duke University,Durham,NC,Southern,"$58,900.00 ","$106,000.00 ","$56,000.00 ","$77,400.00 ","$149,000.00 ","$218,000.00 "
Georgia Institute of Technology,Atlanta,GA,Southern,"$58,300.00 ","$106,000.00 ","$67,200.00 ","$85,200.00 ","$137,000.00 ","$183,000.00 "
Washington and Lee University,Lexington,VA,Southern,"$53,600.00 ","$104,000.00 ",N/A,"$82,800.00 ","$146,000.00 ",N/A
Vanderbilt University,Nashville,TN,Southern,"$51,200.00 ","$104,000.00 ","$49,900.00 ","$68,100.00 ","$147,000.00 ","$222,000.00 "
Davidson College,Davidson,NC,Southern,"$46,100.00 ","$104,000.00 ",N/A,"$70,500.00 ","$146,000.00 ",N/A
University of Virginia (UVA),Charlottesville,VA,Southern,"$52,700.00 ","$103,000.00 ","$52,200.00 ","$71,800.00 ","$146,000.00 ","$215,000.00 "
George Washington University (GWU),Washington,DC,Southern,"$47,000.00 ","$97,900.00 ","$48,400.00 ","$69,600.00 ","$132,000.00 ","$194,000.00 "
Texas A&M University,College Station,TX,Southern,"$49,700.00 ","$96,100.00 ","$51,100.00 ","$71,300.00 ","$131,000.00 ","$171,000.00 "
Tulane University,New Orleans,LA,Southern,"$49,100.00 ","$95,800.00 ","$46,500.00 ","$64,400.00 ","$134,000.00 ","$185,000.00 "
Virginia Polytechnic Institute and State University (Virginia Tech),Blacksburg,VA,Southern,"$53,500.00 ","$95,400.00 ","$50,600.00 ","$71,400.00 ","$124,000.00 ","$163,000.00 "
"University of Maryland, College Park",College Park,MD,Southern,"$52,000.00 ","$95,000.00 ","$50,400.00 ","$68,300.00 ","$126,000.00 ","$166,000.00 "
University of Richmond,University of Richmond,VA,Southern,"$48,600.00 ","$94,600.00 ","$44,500.00 ","$59,400.00 ","$151,000.00 ","$211,000.00 "
University of Texas (UT) - Austin,Austin,TX,Southern,"$49,700.00 ","$93,900.00 ","$50,100.00 ","$67,400.00 ","$129,000.00 ","$188,000.00 "
Emory University,Atlanta,GA,Southern,"$52,000.00 ","$91,600.00 ","$52,500.00 ","$63,300.00 ","$128,000.00 ","$192,000.00 "
"American University, Washington D.C.",Washington,DC,Southern,"$45,300.00 ","$90,800.00 ","$45,200.00 ","$62,400.00 ","$134,000.00 ","$169,000.00 "
University of Tulsa,Tulsa,OK,Southern,"$42,400.00 ","$88,700.00 ","$42,300.00 ","$60,300.00 ","$120,000.00 ","$197,000.00 "
Baylor University,Waco,TX,Southern,"$48,300.00 ","$88,600.00 ","$46,300.00 ","$60,700.00 ","$130,000.00 ","$200,000.00 "
University of Florida (UF),Gainesville,FL,Southern,"$47,100.00 ","$87,900.00 ","$45,400.00 ","$62,900.00 ","$120,000.00 ","$172,000.00 "
Louisiana State University (LSU),Baton Rouge,LA,Southern,"$46,900.00 ","$87,800.00 ","$43,700.00 ","$61,300.00 ","$120,000.00 ","$165,000.00 "
George Mason University,Fairfax,VA,Southern,"$47,800.00 ","$86,900.00 ","$51,300.00 ","$67,200.00 ","$114,000.00 ","$150,000.00 "
Clemson University,Clemson,SC,Southern,"$48,400.00 ","$86,000.00 ","$50,500.00 ","$61,800.00 ","$111,000.00 ","$150,000.00 "
University of Georgia (UGA),Athens,GA,Southern,"$44,100.00 ","$86,000.00 ","$43,100.00 ","$57,800.00 ","$118,000.00 ","$164,000.00 "
Auburn University,Auburn,AL,Southern,"$45,400.00 ","$84,700.00 ","$45,400.00 ","$62,700.00 ","$109,000.00 ","$145,000.00 "
University of Delaware,Newark,DE,Southern,"$45,900.00 ","$84,500.00 ","$44,500.00 ","$64,000.00 ","$119,000.00 ","$165,000.00 "
Randolph-Macon College,Ashland,VA,Southern,"$42,600.00 ","$83,600.00 ",N/A,"$54,100.00 ","$123,000.00 ",N/A
North Carolina State University (NCSU),Raleigh,NC,Southern,"$47,200.00 ","$83,300.00 ","$49,200.00 ","$64,800.00 ","$112,000.00 ","$153,000.00 "
University of Oklahoma,Oklahoma City,OK,Southern,"$44,700.00 ","$82,900.00 ","$41,200.00 ","$60,300.00 ","$114,000.00 ","$167,000.00 "
University of Arkansas,Fayetteville,AR,Southern,"$44,100.00 ","$82,800.00 ","$43,200.00 ","$60,700.00 ","$113,000.00 ","$160,000.00 "
University of Alabama at Huntsville (UAH),Huntsville,AL,Southern,"$43,100.00 ","$82,700.00 ","$46,100.00 ","$67,800.00 ","$106,000.00 ","$132,000.00 "
Howard University,Washington,DC,Southern,"$46,900.00 ","$81,800.00 ","$43,300.00 ","$60,000.00 ","$109,000.00 ","$138,000.00 "
University of North Carolina at Chapel Hill (UNCH),Chapel Hill,NC,Southern,"$42,900.00 ","$81,500.00 ","$43,400.00 ","$57,500.00 ","$117,000.00 ","$155,000.00 "
"University of Alabama, Tuscaloosa",Tuscaloosa,AL,Southern,"$41,300.00 ","$81,400.00 ","$40,100.00 ","$56,500.00 ","$117,000.00 ","$161,000.00 "
University of Texas at Arlington (UTA),Arlington,TX,Southern,"$45,400.00 ","$80,800.00 ","$46,400.00 ","$61,200.00 ","$106,000.00 ","$138,000.00 "
Oklahoma State University,Oklahoma City,OK,Southern,"$42,800.00 ","$80,700.00 ","$40,100.00 ","$56,500.00 ","$114,000.00 ","$151,000.00 "
Tennessee Technological University,Cookeville,TN,Southern,"$46,200.00 ","$80,000.00 ","$42,100.00 ","$62,600.00 ","$99,500.00 ","$121,000.00 "
University of Houston (UH),Houston,TX,Southern,"$46,000.00 ","$79,900.00 ","$42,000.00 ","$56,200.00 ","$106,000.00 ","$141,000.00 "
University of Mississippi,University,MS,Southern,"$41,400.00 ","$79,700.00 ","$40,400.00 ","$53,500.00 ","$108,000.00 ","$186,000.00 "
Lamar University,Beaumont,TX,Southern,"$46,500.00 ","$79,400.00 ","$38,700.00 ","$51,600.00 ","$114,000.00 ","$158,000.00 "
Mississippi State University (MSU),Mississippi State,MS,Southern,"$44,500.00 ","$79,300.00 ","$43,300.00 ","$58,800.00 ","$108,000.00 ","$151,000.00 "
University of Kentucky (UK),Lexington,KY,Southern,"$42,800.00 ","$78,300.00 ","$43,000.00 ","$57,300.00 ","$107,000.00 ","$149,000.00 "
Texas Christian University (TCU),Fort Worth,TX,Southern,"$45,100.00 ","$78,100.00 ","$42,600.00 ","$56,600.00 ","$122,000.00 ","$183,000.00 "
West Virginia University (WVU),Morgantown,WV,Southern,"$43,100.00 ","$78,100.00 ","$39,700.00 ","$55,700.00 ","$106,000.00 ","$141,000.00 "
University of Maryland Baltimore County (UMBC),Baltimore,MD,Southern,"$47,000.00 ","$77,800.00 ","$46,900.00 ","$59,100.00 ","$105,000.00 ","$130,000.00 "
University of Louisiana (UL) at Lafayette,Lafayette,LA,Southern,"$41,100.00 ","$76,300.00 ","$42,000.00 ","$54,500.00 ","$107,000.00 ","$163,000.00 "
Florida International University (FIU),Miami,FL,Southern,"$43,200.00 ","$75,500.00 ","$40,500.00 ","$55,800.00 ","$98,200.00 ","$136,000.00 "
University of Tennessee,Knoxville,TN,Southern,"$43,800.00 ","$74,600.00 ","$41,900.00 ","$53,200.00 ","$106,000.00 ","$153,000.00 "
University of Arkansas - Monticello (UAM),Monticello,AR,Southern,"$39,200.00 ","$74,500.00 ",N/A,"$46,100.00 ","$110,000.00 ",N/A
University of North Carolina at Charlotte (UNCC),Charlotte,NC,Southern,"$43,100.00 ","$74,000.00 ","$38,200.00 ","$53,200.00 ","$99,500.00 ","$133,000.00 "
Georgia State University,Atlanta,GA,Southern,"$41,800.00 ","$74,000.00 ","$43,000.00 ","$55,300.00 ","$99,900.00 ","$145,000.00 "
LeTourneau University,Longview,TX,Southern,"$49,500.00 ","$73,800.00 ","$41,200.00 ","$52,700.00 ","$95,200.00 ","$126,000.00 "
Florida State University (FSU),Tallahassee,FL,Southern,"$42,100.00 ","$73,000.00 ","$39,600.00 ","$52,800.00 ","$107,000.00 ","$156,000.00 "
University of Texas at El Paso (UTEP),El Paso,TX,Southern,"$43,400.00 ","$72,100.00 ","$37,700.00 ","$50,400.00 ","$99,500.00 ","$133,000.00 "
University of Central Florida (UCF),Orlando,FL,Southern,"$42,600.00 ","$71,700.00 ","$39,500.00 ","$51,500.00 ","$98,400.00 ","$125,000.00 "
University of South Carolina,Columbia,SC,Southern,"$40,000.00 ","$71,700.00 ","$36,300.00 ","$49,900.00 ","$98,400.00 ","$131,000.00 "
Florida Atlantic University (FAU),Boca Raton,FL,Southern,"$42,600.00 ","$71,100.00 ","$40,700.00 ","$53,000.00 ","$99,500.00 ","$137,000.00 "
University of South Florida (USF),Tampa,FL,Southern,"$41,100.00 ","$71,100.00 ","$39,600.00 ","$51,500.00 ","$98,100.00 ","$131,000.00 "
University of Texas at San Antonio (UTSA),San Antonio,TX,Southern,"$42,500.00 ","$70,700.00 ","$39,100.00 ","$49,800.00 ","$92,700.00 ","$121,000.00 "
University of Alabama at Birmingham (UAB),Birmingham,AL,Southern,"$39,200.00 ","$70,100.00 ","$43,000.00 ","$53,400.00 ","$91,400.00 ","$125,000.00 "
University of Memphis (U of M),Memphis,TN,Southern,"$41,400.00 ","$69,700.00 ","$36,100.00 ","$49,100.00 ","$93,500.00 ","$127,000.00 "
Appalachian State University,Boone,NC,Southern,"$40,400.00 ","$69,100.00 ","$37,200.00 ","$50,400.00 ","$90,800.00 ","$115,000.00 "
Virginia Commonwealth University (VCU),Richmond,VA,Southern,"$42,000.00 ","$68,400.00 ","$37,400.00 ","$51,900.00 ","$100,000.00 ","$123,000.00 "
East Carolina University (ECU),Greenville,NC,Southern,"$40,200.00 ","$67,500.00 ","$38,400.00 ","$52,000.00 ","$98,700.00 ","$151,000.00 "
Western Carolina University,Cullowhee,NC,Southern,"$36,900.00 ","$66,600.00 ","$39,000.00 ","$49,500.00 ","$94,400.00 ","$133,000.00 "
Jacksonville University,Jacksonville,FL,Southern,"$46,700.00 ","$66,200.00 ","$36,700.00 ","$47,200.00 ","$88,500.00 ","$121,000.00 "
University of North Carolina at Wilmington (UNCW),Wilmington,NC,Southern,"$37,500.00 ","$64,400.00 ","$32,100.00 ","$46,600.00 ","$97,100.00 ","$129,000.00 "
Oklahoma City University,Oklahoma City,OK,Southern,"$40,000.00 ","$64,300.00 ",N/A,"$45,400.00 ","$80,600.00 ",N/A
Arkansas State University (ASU),Jonesboro,AR,Southern,"$38,700.00 ","$63,300.00 ","$33,600.00 ","$45,300.00 ","$83,900.00 ","$118,000.00 "
Tarleton State University (TSU),Stephenville,TX,Southern,"$40,800.00 ","$62,400.00 ","$32,100.00 ","$47,400.00 ","$80,400.00 ","$126,000.00 "
Morehead State University,Morehead,KY,Southern,"$34,800.00 ","$60,600.00 ","$34,300.00 ","$46,500.00 ","$72,000.00 ","$91,300.00 "
Mississippi College,Clinton,MS,Southern,"$35,400.00 ","$60,400.00 ",N/A,"$43,900.00 ","$80,400.00 ",N/A
Dallas Baptist University,Dallas,TX,Southern,"$39,400.00 ","$60,200.00 ","$38,500.00 ","$50,300.00 ","$81,800.00 ","$98,100.00 "
Austin Peay State University,Clarksville,TN,Southern,"$37,700.00 ","$59,200.00 ","$32,200.00 ","$40,500.00 ","$73,900.00 ","$96,200.00 "
Saint Leo University,Saint Leo,FL,Southern,"$40,900.00 ","$57,800.00 ","$34,400.00 ","$41,800.00 ","$80,600.00 ","$113,000.00 "
Tusculum College,Tusculum,TN,Southern,"$36,900.00 ","$55,500.00 ","$36,200.00 ","$43,000.00 ","$87,300.00 ","$124,000.00 "
Virginia Wesleyan College (VWC),Virginia Beach,VA,Southern,"$34,600.00 ","$54,900.00 ",N/A,"$37,100.00 ","$88,900.00 ",N/A
"Lee University (Cleveland, TN)",Cleveland,TN,Southern,"$34,500.00 ","$53,900.00 ",N/A,"$44,500.00 ","$76,800.00 ",N/A
Florida Metropolitan University (FMU),Fort Lauderdale,FL,Southern,"$36,600.00 ","$51,000.00 ","$32,800.00 ","$36,800.00 ","$70,400.00 ","$102,000.00 "
Dartmouth College,Hanover,NH,Northeastern,"$58,000.00 ","$134,000.00 ","$63,100.00 ","$90,200.00 ","$234,000.00 ","$321,000.00 "
Princeton University,Princeton,NJ,Northeastern,"$66,500.00 ","$131,000.00 ","$68,900.00 ","$100,000.00 ","$190,000.00 ","$261,000.00 "
Massachusetts Institute of Technology (MIT),Cambridge,MA,Northeastern,"$72,200.00 ","$126,000.00 ","$76,800.00 ","$99,200.00 ","$168,000.00 ","$220,000.00 "
Yale University,New Haven,CT,Northeastern,"$59,100.00 ","$126,000.00 ","$58,000.00 ","$80,600.00 ","$198,000.00 ","$326,000.00 "
Harvard University,Cambridge,MA,Northeastern,"$63,400.00 ","$124,000.00 ","$54,800.00 ","$86,200.00 ","$179,000.00 ","$288,000.00 "
University of Pennsylvania,Philadelphia,PA,Northeastern,"$60,900.00 ","$120,000.00 ","$55,900.00 ","$79,200.00 ","$192,000.00 ","$282,000.00 "
"Polytechnic University of New York, Brooklyn",Brooklyn,NY,Northeastern,"$62,400.00 ","$114,000.00 ","$66,800.00 ","$94,300.00 ","$143,000.00 ","$190,000.00 "
Cooper Union,New York,NY,Northeastern,"$62,200.00 ","$114,000.00 ",N/A,"$80,200.00 ","$142,000.00 ",N/A
Worcester Polytechnic Institute (WPI),Worcester,MA,Northeastern,"$61,000.00 ","$114,000.00 ","$80,000.00 ","$91,200.00 ","$137,000.00 ","$180,000.00 "
Carnegie Mellon University (CMU),Pittsburgh,PA,Northeastern,"$61,800.00 ","$111,000.00 ","$63,300.00 ","$80,100.00 ","$150,000.00 ","$209,000.00 "
Rensselaer Polytechnic Institute (RPI),Troy,NY,Northeastern,"$61,100.00 ","$110,000.00 ","$71,600.00 ","$85,500.00 ","$140,000.00 ","$182,000.00 "
Cornell University,Ithaca,NY,Northeastern,"$60,300.00 ","$110,000.00 ","$56,800.00 ","$79,800.00 ","$160,000.00 ","$210,000.00 "
Bucknell University,Lewisburg,PA,Northeastern,"$54,100.00 ","$110,000.00 ","$62,800.00 ","$80,600.00 ","$156,000.00 ","$251,000.00 "
Brown University,Providence,RI,Northeastern,"$56,200.00 ","$109,000.00 ","$55,400.00 ","$74,400.00 ","$159,000.00 ","$228,000.00 "
Colgate University,Hamilton,NY,Northeastern,"$52,800.00 ","$108,000.00 ","$60,000.00 ","$76,700.00 ","$167,000.00 ","$265,000.00 "
Columbia University,New York,NY,Northeastern,"$59,400.00 ","$107,000.00 ","$50,300.00 ","$71,900.00 ","$161,000.00 ","$241,000.00 "
Amherst College,Amherst,MA,Northeastern,"$54,500.00 ","$107,000.00 ",N/A,"$84,900.00 ","$162,000.00 ",N/A
Lafayette College,Easton,PA,Northeastern,"$53,900.00 ","$107,000.00 ","$70,600.00 ","$79,300.00 ","$144,000.00 ","$204,000.00 "
Bowdoin College,Brunswick,ME,Northeastern,"$48,100.00 ","$107,000.00 ",N/A,"$74,600.00 ","$146,000.00 ",N/A
College of the Holy Cross,Worcester,MA,Northeastern,"$50,200.00 ","$106,000.00 ",N/A,"$65,600.00 ","$143,000.00 ",N/A
Stevens Institute of Technology,Hoboken,NJ,Northeastern,"$60,600.00 ","$105,000.00 ","$68,700.00 ","$81,900.00 ","$138,000.00 ","$185,000.00 "
Lehigh University,Bethlehem,PA,Northeastern,"$59,200.00 ","$105,000.00 ","$69,500.00 ","$85,000.00 ","$160,000.00 ","$229,000.00 "
Swarthmore College,Swarthmore,PA,Northeastern,"$49,700.00 ","$104,000.00 ",N/A,"$67,200.00 ","$167,000.00 ",N/A
Boston College,Chestnut Hill,MA,Northeastern,"$52,700.00 ","$103,000.00 ","$48,900.00 ","$70,000.00 ","$143,000.00 ","$195,000.00 "
Williams College,Williamstown,MA,Northeastern,"$51,700.00 ","$102,000.00 ",N/A,"$76,400.00 ","$143,000.00 ",N/A
Villanova University,Villanova,PA,Northeastern,"$55,800.00 ","$101,000.00 ","$56,800.00 ","$76,200.00 ","$156,000.00 ","$226,000.00 "
Fordham University,Bronx,NY,Northeastern,"$47,800.00 ","$99,900.00 ","$48,600.00 ","$65,900.00 ","$142,000.00 ","$198,000.00 "
"Wesleyan University (Middletown, Connecticut)",Middletown,CT,Northeastern,"$46,500.00 ","$97,900.00 ","$42,000.00 ","$62,500.00 ","$126,000.00 ","$215,000.00 "
Wentworth Institute of Technology,Boston,MA,Northeastern,"$53,000.00 ","$96,700.00 ","$55,200.00 ","$74,000.00 ","$117,000.00 ","$153,000.00 "
Bates College,Lewiston,ME,Northeastern,"$47,300.00 ","$96,500.00 ",N/A,"$60,700.00 ","$162,000.00 ",N/A
Binghamton University,Vestal,NY,Northeastern,"$53,600.00 ","$95,900.00 ","$50,900.00 ","$71,200.00 ","$146,000.00 ","$201,000.00 "
Union College,Barbourville,KY,Northeastern,"$47,200.00 ","$95,800.00 ","$48,700.00 ","$75,200.00 ","$135,000.00 ","$230,000.00 "
New York University (NYU),New York,NY,Northeastern,"$50,300.00 ","$95,600.00 ","$47,500.00 ","$65,000.00 ","$142,000.00 ","$216,000.00 "
Vassar College,Poughkeepsie,NY,Northeastern,"$46,000.00 ","$94,600.00 ",N/A,"$60,600.00 ","$123,000.00 ",N/A
Middlebury College,Middlebury,VT,Northeastern,"$47,700.00 ","$94,200.00 ",N/A,"$69,100.00 ","$129,000.00 ",N/A
Mount Holyoke College,South Hadley,MA,Northeastern,"$42,400.00 ","$94,200.00 ",N/A,"$57,100.00 ","$131,000.00 ",N/A
Boston University,Boston,MA,Northeastern,"$49,000.00 ","$93,900.00 ","$48,000.00 ","$64,900.00 ","$130,000.00 ","$193,000.00 "
Drexel University,Philadelphia,PA,Northeastern,"$53,400.00 ","$93,500.00 ","$54,900.00 ","$72,500.00 ","$122,000.00 ","$161,000.00 "
"St. John's University, New York",New York,NY,Northeastern,"$48,000.00 ","$93,400.00 ","$48,000.00 ","$65,400.00 ","$124,000.00 ","$181,000.00 "
Long Island University,Brookville,NY,Northeastern,"$47,300.00 ","$93,200.00 ","$46,300.00 ","$62,100.00 ","$122,000.00 ","$169,000.00 "
Stony Brook University,Stony Brook,NY,Northeastern,"$49,500.00 ","$93,000.00 ","$47,200.00 ","$67,100.00 ","$129,000.00 ","$181,000.00 "
Franklin and Marshall College,Lancaster,PA,Northeastern,"$49,100.00 ","$92,800.00 ",N/A,"$55,800.00 ","$185,000.00 ",N/A
Hofstra University,Hempstead,NY,Northeastern,"$46,800.00 ","$92,700.00 ","$48,900.00 ","$67,000.00 ","$135,000.00 ","$189,000.00 "
State University of New York (SUNY) at Albany,Albany,NY,Northeastern,"$44,500.00 ","$92,200.00 ","$47,000.00 ","$63,100.00 ","$135,000.00 ","$209,000.00 "
Rutgers University,New Brunswick,NJ,Northeastern,"$50,300.00 ","$91,800.00 ","$48,100.00 ","$65,100.00 ","$128,000.00 ","$176,000.00 "
Pratt Institute,New York,NY,Northeastern,"$43,800.00 ","$89,900.00 ","$48,600.00 ","$65,400.00 ","$123,000.00 ","$155,000.00 "
Pace University,New York,NY,Northeastern,"$53,200.00 ","$89,700.00 ","$44,200.00 ","$65,400.00 ","$129,000.00 ","$187,000.00 "
Seton Hall University,South Orange,NJ,Northeastern,"$48,900.00 ","$89,200.00 ","$55,700.00 ","$70,600.00 ","$133,000.00 ","$195,000.00 "
Rider University,Lawrenceville,NJ,Northeastern,"$43,600.00 ","$88,900.00 ","$47,100.00 ","$63,100.00 ","$127,000.00 ","$150,000.00 "
University of Connecticut (UConn),Storrs,CT,Northeastern,"$48,000.00 ","$88,800.00 ","$46,100.00 ","$66,400.00 ","$120,000.00 ","$162,000.00 "
Providence College,Providence,RI,Northeastern,"$48,000.00 ","$88,600.00 ","$42,800.00 ","$62,900.00 ","$138,000.00 ","$194,000.00 "
University of Massachusetts (UMass) - Amherst,Amherst,MA,Northeastern,"$46,600.00 ","$88,200.00 ","$43,100.00 ","$61,300.00 ","$122,000.00 ","$168,000.00 "
Ithaca College,Ithaca,NY,Northeastern,"$42,700.00 ","$87,400.00 ","$50,200.00 ","$62,400.00 ","$128,000.00 ","$174,000.00 "
University of Massachusetts (UMass) - Lowell,Lowell,MA,Northeastern,"$45,400.00 ","$86,600.00 ","$50,900.00 ","$65,000.00 ","$113,000.00 ","$158,000.00 "
Northeastern University,Boston,MA,Northeastern,"$50,500.00 ","$86,400.00 ","$47,100.00 ","$62,700.00 ","$117,000.00 ","$159,000.00 "
Syracuse University,Syracuse,NY,Northeastern,"$45,700.00 ","$85,900.00 ","$46,400.00 ","$59,400.00 ","$119,000.00 ","$178,000.00 "
Colby College,Waterville,ME,Northeastern,"$46,400.00 ","$85,800.00 ",N/A,"$63,500.00 ","$129,000.00 ",N/A
Gettysburg College,Gettysburg,PA,Northeastern,"$44,700.00 ","$85,800.00 ",N/A,"$66,300.00 ","$132,000.00 ",N/A
Pennsylvania State University (PSU),Philadelphia,PA,Northeastern,"$49,900.00 ","$85,700.00 ","$46,300.00 ","$62,000.00 ","$117,000.00 ","$160,000.00 "
University of Rhode Island (URI),Kingston,RI,Northeastern,"$43,900.00 ","$85,300.00 ","$45,400.00 ","$60,100.00 ","$112,000.00 ","$157,000.00 "
Siena College,Loudonville,NY,Northeastern,"$45,500.00 ","$85,200.00 ","$38,700.00 ","$58,400.00 ","$129,000.00 ","$189,000.00 "
La Salle University (Philadelphia),Philadelphia,PA,Northeastern,"$43,400.00 ","$84,700.00 ","$45,300.00 ","$57,500.00 ","$106,000.00 ","$151,000.00 "
Rochester Institute of Technology (RIT),Rochester,NY,Northeastern,"$48,900.00 ","$84,600.00 ","$45,000.00 ","$62,100.00 ","$112,000.00 ","$159,000.00 "
Duquesne University,Pittsburgh,PA,Northeastern,"$40,700.00 ","$84,400.00 ","$42,600.00 ","$59,500.00 ","$107,000.00 ","$131,000.00 "
State University of New York (SUNY) at Farmingdale,Farmingdale,NY,Northeastern,"$47,300.00 ","$84,200.00 ","$50,200.00 ","$59,800.00 ","$110,000.00 ","$162,000.00 "
Smith College,Northampton,MA,Northeastern,"$44,000.00 ","$83,900.00 ","$45,100.00 ","$59,800.00 ","$129,000.00 ","$184,000.00 "
Hamilton College,Clinton,NY,Northeastern,"$49,200.00 ","$83,700.00 ",N/A,"$51,900.00 ","$123,000.00 ",N/A
Wellesley College,Wellesley,MA,Northeastern,"$42,800.00 ","$83,500.00 ",N/A,"$58,600.00 ","$125,000.00 ",N/A
Widener University,Chester,PA,Northeastern,"$52,900.00 ","$83,400.00 ","$42,600.00 ","$61,400.00 ","$106,000.00 ","$138,000.00 "
University of New Haven,West Haven,CT,Northeastern,"$44,400.00 ","$82,900.00 ","$48,500.00 ","$66,100.00 ","$113,000.00 ","$157,000.00 "
Dowling College,New York,NY,Northeastern,"$41,100.00 ","$82,800.00 ","$46,500.00 ","$60,600.00 ","$117,000.00 ","$142,000.00 "
University of Vermont (UVM),Burlington,VT,Northeastern,"$44,800.00 ","$82,700.00 ","$44,700.00 ","$58,000.00 ","$122,000.00 ","$194,000.00 "
State University of New York (SUNY) at Buffalo,Buffalo,NY,Northeastern,"$46,200.00 ","$81,700.00 ","$45,900.00 ","$61,400.00 ","$110,000.00 ","$147,000.00 "
State University of New York (SUNY) at Geneseo,Geneseo,NY,Northeastern,"$42,300.00 ","$81,300.00 ","$39,300.00 ","$47,600.00 ","$117,000.00 ","$173,000.00 "
Fashion Institute of Technology,New York,NY,Northeastern,"$42,800.00 ","$81,000.00 ","$38,800.00 ","$60,500.00 ","$106,000.00 ","$138,000.00 "
Philadelphia University,Philadelphia,PA,Northeastern,"$45,100.00 ","$80,300.00 ","$45,800.00 ","$61,900.00 ","$108,000.00 ","$141,000.00 "
Ursinus College,Collegeville,PA,Northeastern,"$42,100.00 ","$80,000.00 ","$35,600.00 ","$54,300.00 ","$100,000.00 ","$160,000.00 "
Adelphi University,Garden City,NY,Northeastern,"$40,600.00 ","$79,200.00 ","$44,200.00 ","$54,800.00 ","$114,000.00 ","$160,000.00 "
Juniata College,Huntingdon,PA,Northeastern,"$41,800.00 ","$78,900.00 ",N/A,"$67,200.00 ","$110,000.00 ",N/A
Fairleigh Dickinson University,Teaneck,NJ,Northeastern,"$45,700.00 ","$78,700.00 ","$40,200.00 ","$56,300.00 ","$112,000.00 ","$171,000.00 "
University of New Hampshire (UNH),Durham,NH,Northeastern,"$41,800.00 ","$78,300.00 ","$41,700.00 ","$56,400.00 ","$114,000.00 ","$147,000.00 "
University of Massachusetts (UMass) - Boston,Boston,MA,Northeastern,"$45,600.00 ","$78,200.00 ","$36,300.00 ","$53,800.00 ","$109,000.00 ","$151,000.00 "
State University of New York (SUNY) at Oswego,Oswego,NY,Northeastern,"$38,000.00 ","$77,800.00 ","$40,400.00 ","$53,000.00 ","$115,000.00 ","$169,000.00 "
University of Massachusetts (UMass) - Dartmouth,Dartmouth,MA,Northeastern,"$43,200.00 ","$77,700.00 ","$43,300.00 ","$56,200.00 ","$107,000.00 ","$132,000.00 "
State University of New York (SUNY) at Oneonta,Oneonta,NY,Northeastern,"$37,500.00 ","$76,700.00 ","$40,000.00 ","$54,300.00 ","$97,700.00 ","$155,000.00 "
Quinnipiac University,Hamden,CT,Northeastern,"$43,000.00 ","$76,500.00 ","$47,900.00 ","$57,400.00 ","$117,000.00 ","$155,000.00 "
State University of New York (SUNY) at Plattsburgh,Plattsburgh,NY,Northeastern,"$40,800.00 ","$76,200.00 ","$38,400.00 ","$54,100.00 ","$105,000.00 ","$136,000.00 "
Sacred Heart University,Fairfield,CT,Northeastern,"$46,000.00 ","$75,300.00 ","$39,700.00 ","$54,800.00 ","$105,000.00 ","$150,000.00 "
Skidmore College,Saratoga Springs,NY,Northeastern,"$41,600.00 ","$74,600.00 ",N/A,"$42,800.00 ","$147,000.00 ",N/A
Moravian College,Bethlehem,PA,Northeastern,"$42,500.00 ","$74,400.00 ",N/A,"$56,700.00 ","$94,900.00 ",N/A
Penn State - Harrisburg,Harrisburg,PA,Northeastern,"$45,700.00 ","$74,000.00 ","$44,000.00 ","$53,100.00 ","$104,000.00 ","$150,000.00 "
Suffolk University,Boston,MA,Northeastern,"$42,100.00 ","$74,000.00 ","$48,700.00 ","$57,800.00 ","$95,100.00 ","$145,000.00 "
Fitchburg State College,Fitchburg,MA,Northeastern,"$42,400.00 ","$72,600.00 ","$43,300.00 ","$56,100.00 ","$99,600.00 ","$151,000.00 "
Roger Williams University,Bristol,RI,Northeastern,"$42,000.00 ","$72,300.00 ","$39,800.00 ","$48,500.00 ","$102,000.00 ","$138,000.00 "
University Of Maine,Orono,ME,Northeastern,"$41,200.00 ","$72,100.00 ","$41,700.00 ","$55,600.00 ","$99,300.00 ","$141,000.00 "
State University of New York (SUNY) at Potsdam,Potsdam,NY,Northeastern,"$38,000.00 ","$70,300.00 ","$35,100.00 ","$51,200.00 ","$100,000.00 ","$179,000.00 "
Niagara University,Niagara University,NY,Northeastern,"$36,900.00 ","$69,700.00 ","$44,000.00 ","$57,000.00 ","$92,000.00 ","$128,000.00 "
State University of New York (SUNY) at Fredonia,Fredonia,NY,Northeastern,"$37,800.00 ","$66,200.00 ","$32,800.00 ","$44,200.00 ","$93,300.00 ","$181,000.00 "
University of Southern Maine,Portland,ME,Northeastern,"$39,400.00 ","$63,600.00 ","$40,400.00 ","$47,900.00 ","$85,700.00 ","$117,000.00 "
Mercy College,Dobbs Ferry,NY,Northeastern,"$43,700.00 ","$62,600.00 ","$35,600.00 ","$47,300.00 ","$99,000.00 ","$134,000.00 "
